,table,field,term
0,Customers,Customer_Name,Samson
1,Customers,Customer_Name,Federico
2,Customers,Customer_Name,Ephraim
3,Customers,Customer_Name,Daryl
4,Customers,Customer_Name,Wade
5,Customers,Customer_Name,Jacques
6,Customers,Customer_Name,Davonte
7,Customers,Customer_Name,Adelbert
8,Customers,Customer_Name,Isaiah
9,Customers,Customer_Name,Robert
10,Customers,Customer_Name,Alek
11,Customers,Customer_Name,Blake
12,Customers,Customer_Name,Elwyn
13,Customers,Customer_Name,Cedrick
14,Customers,Customer_Name,Harold
15,Stores,Store_Name,Carmol Photo
16,Stores,Store_Name,Rob Dinning
17,Stores,Store_Name,Shery Photo
18,Stores,Store_Name,Adam Photo
19,Stores,Store_Name,Adan Dinning
20,Stores,Store_Name,Fred Dinning
21,Stores,Store_Name,FK Filming
22,Stores,Store_Name,Lur Photo
23,Stores,Store_Name,FJA Filming
24,Stores,Store_Name,Ewi Filming
